id,name,pref,area,home,original,simple,format,princess,luxury
2,アヴァンセ　リアン　東京,東京都,お台場・豊洲・竹芝・晴海周辺の東京ベイエリア,6,4,3,13,10,5
3,Royal Garden Palace 八王子日本閣,東京都,立川・八王子・町田・23区以外,4,3,4,11,5,6
14,オリエンタルホテル 東京ベイ,千葉県,千葉・舞浜・浦安・幕張,6,5,5,11,3,6
15,南青山ル・アンジェ教会,東京都,青山・表参道・渋谷・原宿,2,4,7,12,4,7
17,アニヴェルセル ヒルズ横浜,神奈川県,横浜・新横浜・川崎,2,7,2,13,10,6
18,アニヴェルセル 大宮,埼玉県,大宮・さいたま・浦和・川口周辺,7,8,4,11,10,7
19,アニヴェルセル 東京ベイ,東京都,お台場・豊洲・竹芝・晴海周辺の東京ベイエリア,3,5,2,12,11,7
22,アニヴェルセル 豊洲,東京都,お台場・豊洲・竹芝・晴海周辺の東京ベイエリア,2,4,1,12,10,8
25,乃木神社・乃木會館,東京都,赤坂・六本木・麻布,3,5,3,16,3,7
26,ｗｅｓｔ５３ｒｄ日本閣（ウエスト　フィフティサード）,東京都,新宿・中野・杉並,4,3,2,9,5,5
27,アンフェリシオン,東京都,上野・浅草・墨田・江東・江戸川などスカイツリー（R）周辺エリア,3,1,4,11,6,6
30,ウエディングホール ラ・ボア・ラクテ,埼玉県,川越・所沢・東部・県北・その他,7,5,5,11,7,4
31,新宿十二社　熊野神社,東京都,新宿・中野・杉並,4,3,5,5,1,2
40,ST.MARGARET WEDDING,千葉県,柏・成田・房総・その他,5,5,4,11,8,8
43,オーベルジュ・ド・リル・トーキョー,東京都,赤坂・六本木・麻布,2,3,5,20,4,10
45,ベルヴィ　アズグレイス,埼玉県,川越・所沢・東部・県北・その他,4,5,7,10,7,4
46,ハイアット　リージェンシー　東京,東京都,新宿・中野・杉並,3,3,3,20,3,12
47,ラ・クラリエール,埼玉県,大宮・さいたま・浦和・川口周辺,10,8,3,8,5,5
48,ヒルトン東京お台場,東京都,お台場・豊洲・竹芝・晴海周辺の東京ベイエリア,6,3,4,16,5,6
50,ホテル　イースト２１東京　●オークラ　ホテルズ　＆　リゾーツ,東京都,上野・浅草・墨田・江東・江戸川などスカイツリー（R）周辺エリア,5,3,4,16,4,7
62,グランドニッコー東京 台場,東京都,お台場・豊洲・竹芝・晴海周辺の東京ベイエリア,4,3,2,17,4,7
63,ウェスティンホテル東京,東京都,白金・恵比寿・代官山・広尾,4,0,3,20,4,12
64,ホテルメトロポリタン,東京都,池袋・練馬・文京・板橋,6,2,4,11,5,5
71,ＴＨＥ　ＣＨＥＬＳＥＡ　ＣＯＵＲＴ,千葉県,千葉・舞浜・浦安・幕張,5,7,5,11,7,6
77,BELLE VIE THE GRAND　ベルヴィ ザ・グラン,埼玉県,川越・所沢・東部・県北・その他,4,4,4,11,9,7
78,ベルヴィ武蔵野,埼玉県,大宮・さいたま・浦和・川口周辺,8,5,4,11,8,5
89,ヒルトン小田原リゾート＆スパ ,神奈川県,箱根・小田原・海老名・厚木・相模原・その他,5,2,4,13,4,8
90,箱根の森高原教会・ホテルグリーンプラザ箱根,神奈川県,箱根・小田原・海老名・厚木・相模原・その他,4,4,4,9,4,3
94,ベイサイドパーク迎賓館／テイクアンドギヴ・ニーズ,千葉県,千葉・舞浜・浦安・幕張,2,5,1,8,2,6
96,アーヴェリール迎賓館（大宮）／テイクアンドギヴ・ニーズ,埼玉県,大宮・さいたま・浦和・川口周辺,4,5,5,10,7,5
98,ヒルサイドクラブ迎賓館,東京都,立川・八王子・町田・23区以外,4,5,4,10,6,6
106,青山フェアリーハウス・セントフェアリーチャペル,東京都,青山・表参道・渋谷・原宿,8,5,4,11,5,7
109,東京ヴァンテアンクルーズ,東京都,品川・目黒・浜松町・世田谷,3,1,3,6,2,4
110,アニヴェルセル　みなとみらい横浜,神奈川県,みなとみらい・桜木町・山手・山下町・関内,2,7,2,16,10,11
118,PENT　HOUSE　THE　TOKYO　presented by SKYHALL,東京都,品川・目黒・浜松町・世田谷,7,5,5,15,7,7
119,ホテル椿山荘東京,東京都,池袋・練馬・文京・板橋,6,5,3,23,7,12
123,メルヴェーユ,神奈川県,みなとみらい・桜木町・山手・山下町・関内,8,2,6,11,3,4
129,横浜ベイシェラトン ホテル＆タワーズ,神奈川県,横浜・新横浜・川崎,4,3,4,12,3,6
132,セレス高田馬場,東京都,新宿・中野・杉並,2,2,4,11,8,7
133,THE LANDMARK SQUARE,東京都,品川・目黒・浜松町・世田谷,6,5,4,16,6,8
136,アグネス ホテル アンド アパートメンツ 東京,東京都,池袋・練馬・文京・板橋,5,3,6,9,3,5
137,DAZZLE,東京都,銀座,5,4,5,9,4,5
139,リビエラ東京,東京都,池袋・練馬・文京・板橋,7,4,4,11,6,7
140,シーサイド　リビエラ,神奈川県,鎌倉・湘南・葉山,8,6,3,10,8,7
144,ハミルトンホテル上総,千葉県,柏・成田・房総・その他,3,3,5,10,5,6
145,エルシオン (KISARAZU),千葉県,柏・成田・房総・その他,6,3,5,10,4,6
155,リーガロイヤルホテル東京,東京都,新宿・中野・杉並,4,2,3,17,5,8
156,新横浜国際ホテル　ウエディングマナーハウス,神奈川県,横浜・新横浜・川崎,5,3,4,12,4,6
157,ヒルトン東京,東京都,新宿・中野・杉並,3,2,4,20,3,5
160,ホテルベルクラシック東京,東京都,池袋・練馬・文京・板橋,3,2,4,12,10,7
162,メルパルク東京,東京都,品川・目黒・浜松町・世田谷,6,3,6,10,6,6
163,La Felice,茨城県,茨城県全域,3,5,4,9,4,4
164,代官山　鳳鳴館,東京都,白金・恵比寿・代官山・広尾,4,5,3,12,6,4
169,ベルヴィギャザホール ザ・シーン／ＨＯＵＳＥ ＯＦ ＴＨＥ ＭＡＣＡＲＯＮ,埼玉県,大宮・さいたま・浦和・川口周辺,6,7,5,8,7,6
172,フォレスト・イン昭和館,東京都,立川・八王子・町田・23区以外,6,2,4,10,4,5
173,伊勢山皇大神宮,神奈川県,みなとみらい・桜木町・山手・山下町・関内,2,1,5,6,1,5
174,メルパルク横浜,神奈川県,みなとみらい・桜木町・山手・山下町・関内,7,3,4,11,4,4
175,ホテルモントレ銀座,東京都,銀座,7,3,7,11,2,3
179,ホテルグランド東雲,茨城県,茨城県全域,5,3,5,10,3,6
180,アルシオーネ・コート佐野,栃木県,栃木県全域,5,4,4,12,4,4
188,新横浜グレイスホテル,神奈川県,横浜・新横浜・川崎,5,3,7,12,6,7
191,東京ベイ舞浜ホテル,千葉県,千葉・舞浜・浦安・幕張,6,6,4,10,4,7
195,横浜ロイヤルパークホテル,神奈川県,みなとみらい・桜木町・山手・山下町・関内,4,4,3,13,2,10
197,アルシェ,茨城県,茨城県全域,3,5,5,6,3,3
204,綱町三井倶楽部,東京都,赤坂・六本木・麻布,6,4,4,18,4,11
206,KKRポートヒル横浜,神奈川県,みなとみらい・桜木町・山手・山下町・関内,4,5,3,10,2,5
207,ホテル横浜ガーデン,神奈川県,みなとみらい・桜木町・山手・山下町・関内,2,3,5,9,2,4
208,成田ビューホテル,千葉県,柏・成田・房総・その他,5,4,5,12,6,7
212,メゾン　ポール・ボキューズ,東京都,白金・恵比寿・代官山・広尾,4,2,5,12,4,3
217,アルカーサル迎賓館川越,埼玉県,川越・所沢・東部・県北・その他,7,5,5,10,5,6
218,山のホテル,神奈川県,箱根・小田原・海老名・厚木・相模原・その他,6,2,6,10,4,4
220,富士屋ホテル,神奈川県,箱根・小田原・海老名・厚木・相模原・その他,5,5,3,12,3,10
222,Pleats.I,埼玉県,川越・所沢・東部・県北・その他,3,6,5,11,7,4
224,クルーズクルーズ THE GINZA,東京都,銀座,2,3,5,9,3,3
229,レストランルーク,東京都,銀座,2,1,4,10,2,4
230,バルコニーレストラン＆バー,東京都,赤坂・六本木・麻布,8,2,4,8,2,3
231,スケープスザスィート,神奈川県,鎌倉・湘南・葉山,5,3,3,8,2,9
232,響　風庭　赤坂,東京都,赤坂・六本木・麻布,5,4,4,11,2,4
234,響　丸の内,東京都,東京駅・皇居周辺,4,1,5,10,2,4
236,ディアナ・マリエール,埼玉県,川越・所沢・東部・県北・その他,3,3,4,6,6,6
244,シェラトン都ホテル東京,東京都,白金・恵比寿・代官山・広尾,4,2,4,19,4,7
247,第一ホテル東京シーフォート,東京都,品川・目黒・浜松町・世田谷,5,3,4,12,5,5
251,ザ・ウイングス海老名,神奈川県,箱根・小田原・海老名・厚木・相模原・その他,5,5,4,14,3,4
252,目黒雅叙園（ホテル雅叙園東京）,東京都,品川・目黒・浜松町・世田谷,5,3,3,13,3,10
253,アーカンジェル迎賓館（宇都宮）,栃木県,栃木県全域,4,6,5,9,4,5
254,アーセンティア迎賓館（高崎）,群馬県,群馬県全域,3,4,4,9,3,7
255,アーククラブ迎賓館（水戸）,茨城県,茨城県全域,2,2,3,5,4,4
256,アーセンティア迎賓館（柏）,千葉県,柏・成田・房総・その他,4,5,3,7,3,6
257,ガーデンヒルズ迎賓館,埼玉県,大宮・さいたま・浦和・川口周辺,3,4,2,10,7,5
258,アーカンジェル代官山,東京都,白金・恵比寿・代官山・広尾,3,6,4,12,8,6
259,麻布迎賓館,東京都,赤坂・六本木・麻布,6,3,5,7,3,4
260,アーフェリーク白金,東京都,白金・恵比寿・代官山・広尾,3,5,3,7,11,4
261,白金倶楽部,東京都,白金・恵比寿・代官山・広尾,7,5,6,8,3,3
262,青山迎賓館,東京都,青山・表参道・渋谷・原宿,4,5,2,20,4,11
271,ヒカリフルコート,群馬県,群馬県全域,6,5,5,11,5,5
272,ロイヤルチェスター太田,群馬県,群馬県全域,4,4,4,9,6,7
273,ヴィクトリアガーデン恵比寿迎賓館,東京都,白金・恵比寿・代官山・広尾,5,5,4,9,4,5
277,ラグナヴェール TOKYO,東京都,東京駅・皇居周辺,3,2,3,13,6,4
278,アンジェリオン　オ　プラザ　TOKYO,東京都,東京駅・皇居周辺,3,3,3,11,4,5
279,ザ　マグナスTOKYO,東京都,銀座,3,3,4,11,3,4
280,シャルマンシーナ　TOKYO,東京都,青山・表参道・渋谷・原宿,4,3,4,8,8,3
281,ラグナスイート新横浜　ホテル&ウエディング,神奈川県,横浜・新横浜・川崎,6,4,3,11,2,5
284,アイランドヒルズ迎賓館,群馬県,群馬県全域,2,4,5,12,2,5
285,響　品川,東京都,品川・目黒・浜松町・世田谷,3,2,4,9,1,2
307,Angepatio,東京都,青山・表参道・渋谷・原宿,6,6,4,12,5,4
308,Duo DOMO,東京都,白金・恵比寿・代官山・広尾,6,6,4,8,4,5
312,ガーデンシティ品川,東京都,品川・目黒・浜松町・世田谷,4,2,5,11,3,6
320,キャメロットヒルズ,埼玉県,大宮・さいたま・浦和・川口周辺,6,6,3,7,8,5
327,アジュールひたちなか ウエディングヴィラ,茨城県,茨城県全域,5,5,5,6,5,5
328,アジュール日立 ウエディングコースト,茨城県,茨城県全域,5,4,5,9,2,5
329,ウエディングヒルズ アジュール,茨城県,茨城県全域,5,4,5,10,6,7
330,アジュール土浦 ウエディングハウス,茨城県,茨城県全域,4,5,5,9,3,4
331,アジュール鹿嶋 ウエディングハウス,茨城県,茨城県全域,4,5,5,9,6,4
332,ウエディングレストラン シェフィーヌ,茨城県,茨城県全域,4,4,3,10,3,4
339,The Place of Tokyo,東京都,品川・目黒・浜松町・世田谷,4,4,5,8,4,4
341,八芳園,東京都,白金・恵比寿・代官山・広尾,6,6,3,21,4,9
343,大宮サンパレス/GLANZ,埼玉県,大宮・さいたま・浦和・川口周辺,4,3,7,7,5,3
363,シュビア,東京都,赤坂・六本木・麻布,4,5,7,6,3,4
373,最高の一日,群馬県,群馬県全域,2,3,4,10,5,4
388,湯本富士屋ホテル,神奈川県,箱根・小田原・海老名・厚木・相模原・その他,6,2,4,11,3,5
392,ホテル日航成田,千葉県,柏・成田・房総・その他,4,2,4,10,5,6
398,明治記念館,東京都,赤坂・六本木・麻布,3,2,3,19,1,4
403,ルシェルアンジュ水戸 ウエディングシャトー,茨城県,茨城県全域,3,4,5,13,4,5
407,ディアズ水戸 スパニッシュガーデン,茨城県,茨城県全域,4,5,7,13,5,5
416,うかい鳥山,東京都,立川・八王子・町田・23区以外,2,0,3,8,0,3
420,ホテル　ザ・マンハッタン,千葉県,千葉・舞浜・浦安・幕張,6,4,4,11,4,6
429,ロザンジュイア広尾迎賓館,東京都,白金・恵比寿・代官山・広尾,4,5,4,6,2,4
436,東郷神社 原宿 東郷記念館,東京都,青山・表参道・渋谷・原宿,3,2,3,14,1,5
437,浅草ビューホテル,東京都,上野・浅草・墨田・江東・江戸川などスカイツリー（R）周辺エリア,3,2,5,13,2,5
438,オークラ千葉ホテル,千葉県,千葉・舞浜・浦安・幕張,5,3,6,12,5,4
442,湘南セント・ラファエロチャペル,神奈川県,鎌倉・湘南・葉山,4,3,3,10,9,6
443,セルリアンタワー東急ホテル,東京都,青山・表参道・渋谷・原宿,4,3,4,16,4,6
450,報徳会館,神奈川県,箱根・小田原・海老名・厚木・相模原・その他,2,1,6,10,0,5
452,鹿島セントラルホテル,茨城県,茨城県全域,3,3,5,7,2,5
457,セント・ラファエロチャペル銀座,東京都,銀座,3,3,1,12,7,3
461,東京ベイ舞浜ホテル　クラブリゾート,千葉県,千葉・舞浜・浦安・幕張,4,4,5,11,3,7
462,シェラトン・グランデ・トーキョーベイ・ホテル,千葉県,千葉・舞浜・浦安・幕張,6,7,4,15,8,10
467,THE SEASON'S（ザ・シーズンズ）,神奈川県,横浜・新横浜・川崎,5,5,2,8,2,6
474,HATSUNEYA GARDEN　～since 1868 KAWAGOE～,埼玉県,川越・所沢・東部・県北・その他,6,6,4,10,3,6
478,ホテル談露館,山梨県,山梨県全域,3,2,5,8,3,3
481,アルマリアンＴＯＫＹＯ,東京都,池袋・練馬・文京・板橋,3,3,4,11,8,4
486,Ｂｅｌｌｅ　Ｓａｉｓｏｎ（ベルセゾン),埼玉県,川越・所沢・東部・県北・その他,7,3,8,5,6,5
489,la banque du LoA（ラ・バンク・ド・ロア）,神奈川県,みなとみらい・桜木町・山手・山下町・関内,4,5,3,11,8,7
498,アルカンシエル横浜　luxe mariage,神奈川県,横浜・新横浜・川崎,6,5,2,10,6,7
514,ダイヤモンドホール,茨城県,茨城県全域,4,4,5,8,4,4
520,LUCIS（ルーキス）,東京都,上野・浅草・墨田・江東・江戸川などスカイツリー（R）周辺エリア,3,2,3,12,3,3
528,ザ コルトーナ シーサイド台場,東京都,お台場・豊洲・竹芝・晴海周辺の東京ベイエリア,6,5,4,13,5,7
534,フランス料理アルピーノ,埼玉県,大宮・さいたま・浦和・川口周辺,5,4,8,4,3,3
537,ホテルニューオータニ,東京都,赤坂・六本木・麻布,6,2,4,21,3,11
541,ブレスインフォレスト,栃木県,栃木県全域,5,4,4,11,3,4
542,コンラッド東京 （CONRAD TOKYO）,東京都,銀座,4,3,3,19,3,12
546,ザ・リッツ・カールトン東京,東京都,赤坂・六本木・麻布,2,3,3,20,5,15
547,クラシカ表参道,東京都,青山・表参道・渋谷・原宿,7,3,2,12,4,6
555,品川プリンスホテル,東京都,品川・目黒・浜松町・世田谷,3,2,5,14,4,6
557,新横浜プリンスホテル,神奈川県,横浜・新横浜・川崎,4,3,7,12,3,4
558,鎌倉プリンスホテル,神奈川県,鎌倉・湘南・葉山,4,2,6,8,3,4
564,ＡＬＴＡＶＩＳＴＡ　ＧＡＲＤＥＮ（アルタビスタガーデン）,埼玉県,大宮・さいたま・浦和・川口周辺,8,7,3,11,10,7
567,アルカンシエル南青山,東京都,青山・表参道・渋谷・原宿,4,4,3,8,7,4
569,ラグナヴェール AOYAMA,東京都,青山・表参道・渋谷・原宿,2,3,3,8,2,5
578,フラールガーデン春日部,埼玉県,大宮・さいたま・浦和・川口周辺,7,5,5,6,8,6
581,ホテル　グランドアーク半蔵門,東京都,東京駅・皇居周辺,4,2,5,12,3,7
582,ベルクラシック甲府,山梨県,山梨県全域,3,3,5,12,6,6
583,浦安ブライトンホテル東京ベイ,千葉県,千葉・舞浜・浦安・幕張,4,4,5,13,5,7
589,寒川神社参集殿,神奈川県,鎌倉・湘南・葉山,1,1,6,10,1,5
590,星野リゾート　軽井沢ホテルブレストンコート【長野版】,長野県,長野県全域,5,4,4,8,4,5
591,ベルヴィ宇都宮,栃木県,栃木県全域,3,3,5,11,5,6
594,ロックハート城,群馬県,群馬県全域,4,5,6,11,4,5
595,崎陽軒,神奈川県,横浜・新横浜・川崎,3,1,3,11,1,2
596,ヒルトン東京ベイ,千葉県,千葉・舞浜・浦安・幕張,5,3,5,13,4,5
606,代々木八幡宮,東京都,青山・表参道・渋谷・原宿,3,0,5,9,0,2
630,浦和ロイヤルパインズホテル,埼玉県,大宮・さいたま・浦和・川口周辺,4,3,4,12,5,5
636,アルジェント,東京都,東京駅・皇居周辺,4,4,5,16,4,8
637,ホテルオークラ東京ベイ,千葉県,千葉・舞浜・浦安・幕張,5,3,3,14,2,5
648,東京ベイ舞浜ホテル　ファーストリゾート,千葉県,千葉・舞浜・浦安・幕張,3,3,3,9,2,4
649,如水会館,東京都,東京駅・皇居周辺,4,3,6,12,3,6
655,ホテルニューグランド,神奈川県,みなとみらい・桜木町・山手・山下町・関内,6,4,2,18,5,11
659,東京ドームホテル,東京都,池袋・練馬・文京・板橋,4,2,4,12,3,5
684,THE TENDER HOUSE,東京都,白金・恵比寿・代官山・広尾,6,3,4,8,2,6
685,LOS ANGELES BALCONY,東京都,品川・目黒・浜松町・世田谷,3,2,4,10,1,3
706,ルミヴェールTOKYO,東京都,品川・目黒・浜松町・世田谷,5,2,3,10,6,4
712,目白の森 メイヤーライニンガーチャペル,東京都,池袋・練馬・文京・板橋,7,5,5,8,5,5
950,旧軽井沢 ホテル音羽ノ森,長野県,長野県全域,4,3,4,5,3,3
951,石の教会 内村鑑三記念堂,長野県,長野県全域,5,3,4,8,4,4
952,軽井沢高原教会,長野県,長野県全域,5,3,4,7,3,3
953,星野リゾート　リゾナーレ八ヶ岳,山梨県,山梨県全域,5,4,3,9,2,4
955,軽井沢クリークガーデン,長野県,長野県全域,4,4,4,6,3,6
1127,ANELLI(アネーリ) 軽井沢,長野県,長野県全域,5,7,4,12,5,6
1144,湯島天神,東京都,上野・浅草・墨田・江東・江戸川などスカイツリー（R）周辺エリア,1,0,3,6,0,0
1146,南青山サンタキアラ教会,東京都,青山・表参道・渋谷・原宿,2,5,2,7,3,3
1157,LA VIE CLAIR,東京都,新宿・中野・杉並,3,2,6,9,2,5
1170,パレスホテル東京（PALACE HOTEL TOKYO）,東京都,東京駅・皇居周辺,1,2,2,20,4,13
1188,ノートルダム横浜みなとみらい,神奈川県,みなとみらい・桜木町・山手・山下町・関内,6,4,2,11,7,7
1196,THINGS Aoyama Organic Garden.dth,東京都,青山・表参道・渋谷・原宿,7,6,5,7,3,4
1255,シャングリ・ラ ホテル東京,東京都,東京駅・皇居周辺,3,3,2,20,4,15
1291,LA POLTO-ラ ポルト- リズム・リーフ,栃木県,栃木県全域,1,4,4,11,4,4
1292,The Liverary（ザ ライヴラリー）,栃木県,栃木県全域,0,1,1,5,1,3
1295,パラッツォ ドゥカーレ麻布,東京都,赤坂・六本木・麻布,7,4,3,10,3,4
1296,ANAインターコンチネンタルホテル東京,東京都,赤坂・六本木・麻布,2,6,6,21,4,10
1300,ザ・ペニンシュラ東京,東京都,東京駅・皇居周辺,3,3,2,20,3,14
1479,ジェネラス軽井沢,長野県,長野県全域,4,5,3,8,2,4
1511,万平ホテル,長野県,長野県全域,2,2,3,10,2,4
1512,軽井沢プリンスホテル　フォレスターナ軽井沢,長野県,長野県全域,4,5,3,11,3,5
1522,ザ クラブ オブ エクセレント コースト,神奈川県,みなとみらい・桜木町・山手・山下町・関内,5,3,3,13,9,9
1523,ザ コンチネンタル横浜,神奈川県,みなとみらい・桜木町・山手・山下町・関内,5,3,4,11,4,6
1524,大宮八幡宮清涼殿,東京都,新宿・中野・杉並,3,1,2,9,2,3
1526,St．AQUA（サン・アクアチャペル）,東京都,お台場・豊洲・竹芝・晴海周辺の東京ベイエリア,7,3,8,12,4,3
1587,TRUNK HOTEL,東京都,青山・表参道・渋谷・原宿,6,7,4,18,6,8
1594,BANQUET　RESTAURANT　FUKUROU,埼玉県,大宮・さいたま・浦和・川口周辺,5,3,7,4,1,2
1600,Fish Bank TOKYO（フィッシュバンク トウキョウ）,東京都,銀座,3,2,2,10,3,5
1615,日本工業倶楽部,東京都,東京駅・皇居周辺,2,2,3,17,3,3
1630,ラグナスイート名古屋　ホテル＆ウエディング,愛知県,名古屋市・周辺,2,3,4,10,2,4
1631,ラグナヴェールNAGOYA,愛知県,名古屋市・周辺,5,5,4,11,2,4
1634,ANAクラウンプラザホテルグランコート名古屋,愛知県,名古屋市・周辺,2,2,4,13,3,7
1726,マリエカリヨン名古屋,愛知県,名古屋市・周辺,4,2,2,10,6,5
1732,アルカンシエル luxe mariage 名古屋,愛知県,名古屋市・周辺,3,3,3,11,4,5
1741,指帆亭,神奈川県,鎌倉・湘南・葉山,4,4,4,9,3,6
1748,コンセプト　エフブンノイチ,愛知県,名古屋市・周辺,3,4,5,9,2,2
1749,大國魂神社 結婚式場,東京都,立川・八王子・町田・23区以外,3,1,2,8,1,3
1750,KAWACHIYA,岐阜県,岐阜県全域,2,4,5,12,4,6
1751,LA TABLE Aoyama,愛知県,尾張・知多・りんくう,6,7,6,1,1,2
1752,MAXI MANIS,愛知県,西三河,6,6,6,6,4,4
1753,ヴィラ　ド　ナチュール,愛知県,西三河,6,6,6,6,4,3
1755,アールベルアンジェ名古屋,愛知県,名古屋市・周辺,6,3,2,10,2,3
1766,名古屋マリオットアソシアホテル,愛知県,名古屋市・周辺,1,3,4,14,3,8
1783,迎賓館　サクラヒルズ川上別荘,岐阜県,岐阜県全域,3,4,4,11,4,6
1789,NEST BY the SEA,愛知県,尾張・知多・りんくう,6,7,6,1,1,2
1792,XEX　TOKYO,東京都,東京駅・皇居周辺,5,3,4,12,2,5
1796,XEX　日本橋,東京都,東京駅・皇居周辺,5,4,4,12,4,3
1798,ラグナヴェールOSAKA,大阪府,大阪市北部・北摂・京阪,2,4,4,9,3,4
1799,ラグナヴェールPREMIER,大阪府,大阪市北部・北摂・京阪,2,0,2,2,1,5
1800,ア・ラ・モードパレ＆ザ・リゾート,兵庫県,神戸・淡路島・阪神間,3,5,3,9,3,5
1801,覚王山ル・アンジェ教会,愛知県,名古屋市・周辺,2,4,4,13,3,6
1803,ENOTECA PINCHIORRI,愛知県,名古屋市・周辺,3,4,5,10,3,4
1804,Dubonnet,愛知県,名古屋市・周辺,5,5,5,7,2,2
1809,Wedding of Legend GLASTONIA（グラストニア）,愛知県,名古屋市・周辺,2,5,2,11,4,6
1810,THE KAWABUN NAGOYA,愛知県,名古屋市・周辺,6,2,3,12,2,6
1811,THE NANZAN HOUSE,愛知県,名古屋市・周辺,6,1,1,6,1,3
1812,Le chic unjour（ラシック　アンジュール）,東京都,銀座,5,6,4,13,4,3
1820,スウィートローゼスクラブ岡崎,愛知県,西三河,4,5,2,11,6,6
1822,カサ・デ・アンジェラ青山,東京都,青山・表参道・渋谷・原宿,6,1,1,9,8,6
1823,コートヤード・マリオット銀座東武ホテル,東京都,銀座,2,3,4,16,3,3
1826,ザ・グラン銀座,東京都,銀座,3,5,1,15,3,10
1827,ステラ・デル・アンジェロ,埼玉県,大宮・さいたま・浦和・川口周辺,5,6,3,13,9,7
1832,ホテルモントレ ラ・スール大阪,大阪府,大阪市北部・北摂・京阪,5,4,4,12,6,6
1833,メルパルクNAGOYA,愛知県,名古屋市・周辺,4,3,5,11,2,3
1835,ホテルモントレ京都,京都府,京都市・周辺,4,3,4,9,5,5
1838,THE GRAND CREER（ザ グランクレール）,愛知県,名古屋市・周辺,3,3,4,11,3,5
1839,ホテルモントレ大阪,大阪府,大阪市北部・北摂・京阪,4,3,5,13,5,5
1840,BIANCARA MARINA TERRACE（ビアンカーラ マリーナテラス）,愛知県,尾張・知多・りんくう,5,6,5,9,4,7
1841,CREER BAYSIDE（クレール ベイサイド）,愛知県,名古屋市・周辺,4,5,3,9,3,4
1842,CLUB DE CREER GEIHINKAN（クラブ ドゥ クレール ゲイヒンカン),愛知県,尾張・知多・りんくう,4,6,5,9,6,7
1843,BIANCARA HILLSIDE TERRACE（ビアンカーラヒルサイドテラス）,愛知県,名古屋市・周辺,2,5,3,10,2,6
1845,ハイアットリージェンシー大阪,大阪府,大阪市南部・東大阪,5,5,4,12,5,7
1847,ホテルモントレ グラスミア大阪,大阪府,大阪市南部・東大阪,4,3,4,11,6,7
1850,ホテルニューオータニ大阪,大阪府,大阪市北部・北摂・京阪,4,4,3,9,4,7
1854,KKRホテル大阪,大阪府,大阪市北部・北摂・京阪,4,3,4,11,3,5
1857,ラグナヴェール スカイテラス（LAGUNAVEIL SkyTerrace）,埼玉県,大宮・さいたま・浦和・川口周辺,5,5,6,10,6,5
1859,THE PLAZA (ホテルプラザ勝川）,愛知県,尾張・知多・りんくう,2,2,2,11,3,4
1860,デゼーロ（deuxzero）,兵庫県,神戸・淡路島・阪神間,3,6,4,13,3,5
1861,オペラ・ドメーヌ高麗橋,大阪府,大阪市北部・北摂・京阪,1,4,4,9,2,2
1865,The Private Garden FURIAN 山ノ上迎賓館,滋賀県,滋賀県全域,2,4,4,11,4,5
1868,ザ・リッツ・カールトン京都,京都府,京都市・周辺,4,4,6,18,4,10
1871,ウエディングマナーハウス ラヴィーナ姫路,兵庫県,播磨,4,2,4,9,3,7
1874,帝国ホテル 大阪,大阪府,大阪市北部・北摂・京阪,4,2,4,12,4,7
1875,千里阪急ホテル,大阪府,大阪市北部・北摂・京阪,5,3,4,11,5,7
1883,神戸セントモルガン教会,兵庫県,神戸・淡路島・阪神間,3,5,4,12,5,7
1884,大阪セントバース教会,大阪府,大阪市南部・東大阪,3,5,3,10,4,6
1886,ラ・メゾン Suite（りんくう）,大阪府,堺・南大阪,5,4,5,11,5,4
1887,ラ・メゾン Suite 姫路,兵庫県,播磨,5,4,4,8,5,4
1894,VILLA de ESPOIR,千葉県,柏・成田・房総・その他,6,6,4,12,6,6
1895,シェラトン都ホテル大阪,大阪府,大阪市南部・東大阪,3,2,4,11,4,7
1897,リーガロイヤルホテル（大阪）,大阪府,大阪市北部・北摂・京阪,4,3,3,11,4,7
1905,ロイヤルガーデン,大阪府,大阪市北部・北摂・京阪,5,4,4,13,4,4
1906,ザ・エクセレントヒルズ神戸北野,兵庫県,神戸・淡路島・阪神間,5,4,4,9,2,4
1908,京都セントアンドリュース教会,京都府,京都市・周辺,2,3,2,11,6,5
1909,THE GRASS HOUSE　グラスハウス 桜の杜,愛知県,名古屋市・周辺,4,4,2,11,2,4
1910,ローズガーデン新宿,東京都,新宿・中野・杉並,6,4,5,8,3,2
1915,ヴィラ・アンジェリカ近江八幡,滋賀県,滋賀県全域,4,3,4,9,3,5
1916,迎賓館,大阪府,大阪市北部・北摂・京阪,4,4,3,10,4,6
1918,太閤園,大阪府,大阪市北部・北摂・京阪,5,2,4,12,4,6
1922,上賀茂神社,京都府,京都市・周辺,0,0,3,5,1,2
1925,Ｍｉａ　Ｖｉａ,大阪府,大阪市北部・北摂・京阪,6,5,3,12,5,6
1929,InStyle wedding KYOTO(インスタイルウエディング京都),京都府,京都市・周辺,4,3,4,9,3,3
1931,京都くろちく（THE KUROCHIKU BRIDAL）,京都府,京都市・周辺,3,3,4,8,4,2
1932,エスタシオン・デ・神戸,兵庫県,神戸・淡路島・阪神間,4,2,4,12,6,7
1935,神戸迎賓館　旧西尾邸,兵庫県,神戸・淡路島・阪神間,4,3,4,10,3,5
1936,FUNATSURU KYOTO KAMOGAWA RESORT,京都府,京都市・周辺,4,3,2,11,3,6
1941,THE MARCUS SQUARE KOBE,兵庫県,神戸・淡路島・阪神間,4,1,4,10,3,6
1942,The Opera,愛知県,名古屋市・周辺,2,3,4,3,0,2
1945,小さな結婚式　大阪ハービスENT店,大阪府,大阪市北部・北摂・京阪,0,5,4,6,1,1
1950,小さな結婚式　京都店,京都府,京都市・周辺,0,4,4,5,2,1
1951,小さな結婚式　表参道店,東京都,青山・表参道・渋谷・原宿,2,1,7,4,1,0
1952,小さな結婚式　浦和店,埼玉県,大宮・さいたま・浦和・川口周辺,2,3,8,3,1,1
1953,小さな結婚式　品川ベイサイド店,東京都,品川・目黒・浜松町・世田谷,2,3,7,11,1,2
1957,NIHO,滋賀県,滋賀県全域,6,3,3,10,6,6
1961,ノートルダム神戸,兵庫県,神戸・淡路島・阪神間,5,3,1,12,4,6
1973,フォーチュンガーデン京都（FORTUNE GARDEN KYOTO）,京都府,京都市・周辺,7,3,4,11,4,5
1974,ORIENTAL HOTEL,兵庫県,神戸・淡路島・阪神間,5,4,3,14,4,6
1975,大阪市中央公会堂,大阪府,大阪市北部・北摂・京阪,2,1,1,8,2,5
1979,THE SODOH HIGASHIYAMA KYOTO,京都府,京都市・周辺,6,4,4,11,4,6
1980,THE GARDEN ORIENTAL OSAKA,大阪府,大阪市北部・北摂・京阪,6,4,3,11,4,5
1981,小さな結婚式　名古屋店,愛知県,名古屋市・周辺,3,3,5,8,2,4
1983,名古屋　河文,愛知県,名古屋市・周辺,3,4,2,12,1,4
1984,大阪城西の丸庭園 大阪迎賓館,大阪府,大阪市北部・北摂・京阪,3,3,2,9,1,5
1985,北野異人館 旧レイン邸,兵庫県,神戸・淡路島・阪神間,4,4,2,9,5,6
1986,ザ・ヒルサイド神戸,兵庫県,神戸・淡路島・阪神間,5,5,4,9,2,4
1988,AKAGANE RESORT KYOTO HIGASHIYAMA,京都府,京都市・周辺,4,4,2,9,3,4
1990,リストランテ　オステリア,東京都,赤坂・六本木・麻布,7,6,9,18,4,6
1991,小さな結婚式　大宮店,埼玉県,大宮・さいたま・浦和・川口周辺,1,3,8,3,1,1
1999,フォレストテラス明治神宮,東京都,青山・表参道・渋谷・原宿,0,2,2,7,1,2
2000,リストランテ　ベニーレベニーレ,東京都,青山・表参道・渋谷・原宿,7,3,5,9,2,4
2001,小さな結婚式　横浜店,神奈川県,横浜・新横浜・川崎,1,4,5,7,0,2
2005,グランブリエ東京,東京都,銀座,3,3,4,13,6,4
2007,ザ・セレクトンプレミア 神戸三田ホテル,兵庫県,神戸・淡路島・阪神間,2,3,4,10,4,6
2014,ロワジールホテル豊橋,愛知県,東三河・蒲郡,5,3,2,10,3,4
2016,エクシブ有馬離宮,兵庫県,神戸・淡路島・阪神間,6,3,4,13,3,4
2022,東武ホテルレバント東京,東京都,上野・浅草・墨田・江東・江戸川などスカイツリー（R）周辺エリア,3,2,4,11,3,4
2023,エレガンテヴィータ【ウエディング】,東京都,白金・恵比寿・代官山・広尾,7,4,5,9,3,5
2029,マリクオーレ,愛知県,名古屋市・周辺,4,3,4,3,1,2
2030,アニヴェルセル江坂,大阪府,大阪市北部・北摂・京阪,6,6,4,13,5,7
2031,ホテル メルパルクOSAKA,大阪府,大阪市北部・北摂・京阪,3,3,3,11,4,5
2032,アヴァンセ リアン　大阪,大阪府,大阪市北部・北摂・京阪,6,4,2,10,3,5
2071,八坂神社常磐新殿,京都府,京都市・周辺,1,0,2,6,1,1
2074,THE LANDMARK SQUARE OSAKA,大阪府,大阪市北部・北摂・京阪,3,3,4,8,4,5
2078,Anniversary.An EBISU,東京都,白金・恵比寿・代官山・広尾,7,4,3,7,5,2
2079,サンシャインスカイブライダル,東京都,池袋・練馬・文京・板橋,4,2,6,10,3,4
2084,THE CONDER HOUSE,愛知県,名古屋市・周辺,3,3,3,13,3,7
2085,京都ホテルオークラ,京都府,京都市・周辺,2,3,3,10,4,5
2088,ホテル国際21,長野県,長野県全域,5,3,4,10,5,6
2090,THE FIVE SEASONS ,長野県,長野県全域,6,4,5,13,5,5
2091,ラ・ブーレット　－La　BOULETTEー,東京都,青山・表参道・渋谷・原宿,4,4,6,7,3,1
2094,ホテル・ザ・ウエストヒルズ・水戸,茨城県,茨城県全域,3,2,5,8,1,4
2095,ラ・マーレ　プライベートガーデン,長野県,長野県全域,4,4,5,8,4,5
2103,Ｂａｕｍ（バウム）,茨城県,茨城県全域,2,3,5,4,2,2
2104,SU CASA（ス カーサ）　,茨城県,茨城県全域,6,5,7,11,3,3
2105,ALAISE(アレーズ) ,茨城県,茨城県全域,3,4,5,9,3,2
2108,スタイリッシュウエディング　ヴィーナスコート長野,長野県,長野県全域,4,6,6,11,4,4
2109,スタイリッシュウエディング　ヴィーナスコート佐久平,長野県,長野県全域,4,6,5,13,5,4
2112,三河湾リゾートリンクス,愛知県,西三河,5,3,5,11,2,4
2113,ウィシュトンホテル・ユーカリ,千葉県,柏・成田・房総・その他,3,3,5,11,3,4
2116,ベルフーガ,栃木県,栃木県全域,4,5,5,9,2,5
2118,エヴァンタイユ,群馬県,群馬県全域,3,4,5,9,4,4
2119,ホテル ベラヴィータ,群馬県,群馬県全域,2,3,6,9,4,5
2124,エテルナ高崎,群馬県,群馬県全域,6,5,4,11,5,5
2127,ララシャンスOKAZAKI迎賓館,愛知県,西三河,5,4,4,13,5,6
2130,小さな結婚式　お台場店,東京都,お台場・豊洲・竹芝・晴海周辺の東京ベイエリア,1,1,5,4,0,2
2150,ザ・リーヴス プレミアムテラス,群馬県,群馬県全域,3,3,5,9,4,5
2152,レストラン　ル・ジャルダン,東京都,品川・目黒・浜松町・世田谷,4,6,4,8,2,3
2153,ホテル北野クラブ　HOTEL KITANO CLUB,兵庫県,神戸・淡路島・阪神間,6,6,4,12,5,4
2154,北野クラブ・ソラ　ＫＩＴＡＮＯ ＣＬＵＢ ＳＯＬＡ,兵庫県,神戸・淡路島・阪神間,5,3,3,11,5,4
2155,鶴見ノ森 迎賓館,大阪府,大阪市北部・北摂・京阪,4,3,1,11,4,5
2156,オークラフロンティアホテルつくば,茨城県,茨城県全域,3,3,5,11,2,6
2158,PLEIAS OTA（プレイアス太田）,群馬県,群馬県全域,7,7,5,11,5,6
2161,千草ホテル,福岡県,北九州市・周辺（小倉ほか）,4,4,5,10,5,4
2163,アルマリアンFUKUOKA,福岡県,福岡市・周辺（博多・天神ほか）,4,4,3,5,6,1
2167,KKRホテル博多,福岡県,福岡市・周辺（博多・天神ほか）,4,4,7,10,3,4
2182,東京ステーションホテル,東京都,東京駅・皇居周辺,3,3,4,21,1,12
2184,小さな結婚式　札幌店,北海道,札幌市・札幌近郊,4,2,3,6,2,1
2185,小さな結婚式　福岡店,福岡県,福岡市・周辺（博多・天神ほか）,7,4,7,2,2,0
2186,小さな結婚式　千葉店,千葉県,千葉・舞浜・浦安・幕張,2,1,5,8,3,6
2187,神戸メリケンパークオリエンタルホテル,兵庫県,神戸・淡路島・阪神間,5,2,4,10,4,6
2188,ホテルモントレ札幌,北海道,札幌市・札幌近郊,3,3,4,12,4,4
2189,ホテルモントレエーデルホフ札幌,北海道,札幌市・札幌近郊,6,3,4,12,7,5
2190,藻岩シャローム教会,北海道,札幌市・札幌近郊,5,5,4,10,5,6
2191,ブルーミントンヒル,北海道,旭川・富良野・道北,5,4,3,9,6,5
2196,ホテルハーヴェスト旧軽井沢,長野県,長野県全域,5,2,4,10,5,5
2203,札幌グランドホテル,北海道,札幌市・札幌近郊,3,3,4,12,3,8
2204,赤坂ル・アンジェ教会,福岡県,福岡市・周辺（博多・天神ほか）,7,4,6,10,4,5
2207,GRANADA SUITE 福岡,福岡県,福岡市・周辺（博多・天神ほか）,2,3,3,10,2,3
2208,THE MARCUS SQUARE アゴーラ福岡　山の上ホテル＆スパ,福岡県,福岡市・周辺（博多・天神ほか）,3,4,2,12,4,5
2210,ヒルトン福岡シーホーク,福岡県,福岡市・周辺（博多・天神ほか）,2,2,4,12,4,7
2212,Ritz5,福岡県,福岡市・周辺（博多・天神ほか）,6,8,3,7,3,1
2213,THE MEETS MARINA TERRACE（ザ・ミーツ　マリーナテラス）,千葉県,千葉・舞浜・浦安・幕張,4,4,5,12,5,6
2214,THE SURF OCEAN TERRACE（ザ・サーフ　オーシャンテラス）,千葉県,千葉・舞浜・浦安・幕張,4,3,3,9,3,4
2215,フェアブルーム水戸アメイジングステージ,茨城県,茨城県全域,4,5,4,10,4,4
2216,ディアステージつくばフォレストテラス,茨城県,茨城県全域,6,5,4,10,4,5
2217,ヒルズスィーツ宇都宮ブリーズテラス,栃木県,栃木県全域,3,3,4,9,3,5
2218,エヴァウイン小山プレミアムスィーツ,栃木県,栃木県全域,4,5,5,11,5,8
2219,マリコレ ウェディングリゾート,福岡県,北九州市・周辺（小倉ほか）,6,6,2,9,3,5
2220,鞘ヶ谷ガーデンアグラス,福岡県,北九州市・周辺（小倉ほか）,7,8,4,5,0,0
2223,タカクラホテル福岡,福岡県,福岡市・周辺（博多・天神ほか）,3,3,4,10,6,7
2225,ノートルダム大阪ONE,大阪府,大阪市北部・北摂・京阪,6,5,3,13,4,7
2226,ノートルダムマリノア,福岡県,福岡市・周辺（博多・天神ほか）,2,3,4,5,6,4
2228,ザ・グランドティアラ岡崎,愛知県,西三河,5,7,4,5,5,3
2243,カサ・デ・アンジェラ～天使の住処～,神奈川県,みなとみらい・桜木町・山手・山下町・関内,4,3,2,10,7,6
2253,松柏園ホテル,福岡県,北九州市・周辺（小倉ほか）,4,2,5,12,5,2
2254,Ｃｉｅｌ　Ｂｅｌｌｅ　Ｔｅｒｒｅ（シエル べル テール）,栃木県,栃木県全域,4,3,5,10,5,7
2260,パークハイアット東京,東京都,新宿・中野・杉並,4,5,4,23,6,13
2300,アメイジンググレイス前橋,群馬県,群馬県全域,4,3,5,9,3,7
2317,THE FUJIYA GOHONJIN（藤屋御本陳）,長野県,長野県全域,6,5,4,10,4,6
2320,小さな結婚式　ホテルグリーンタワー幕張店,千葉県,千葉・舞浜・浦安・幕張,3,2,5,4,1,3
2330,ザ・リッツ・カールトン大阪,大阪府,大阪市北部・北摂・京阪,5,2,3,12,2,5
2331,宇都宮グランドホテル,栃木県,栃木県全域,4,3,5,10,4,5
2335,アゴラシオン,大阪府,大阪市北部・北摂・京阪,3,4,5,11,3,5
2336,NaChura（なちゅら）Resort Wedding(ナチュラリゾートウエディング) ,大阪府,大阪市南部・東大阪,3,5,4,8,2,2
2339,アーセンティア迎賓館大阪,大阪府,大阪市北部・北摂・京阪,3,5,3,12,4,5
2344,シエロイリオ ,東京都,上野・浅草・墨田・江東・江戸川などスカイツリー（R）周辺エリア,6,6,5,8,2,3
2346,ルグラン軽井沢ホテル＆リゾート,長野県,長野県全域,5,2,3,9,3,5
2358,ヨコハマ グランド インターコンチネンタル ホテル,神奈川県,みなとみらい・桜木町・山手・山下町・関内,5,3,3,18,3,10
2363,北野異人館　旧クルペ邸,兵庫県,神戸・淡路島・阪神間,4,3,4,10,6,6
2365,ネオス・ミラベル,山梨県,山梨県全域,2,3,4,9,6,6
2370,麗風つくば シーズンズテラス,茨城県,茨城県全域,6,5,4,12,4,4
2371,ブランレヴュー宇都宮アクアテラス,栃木県,栃木県全域,5,5,5,11,4,6
2372,モアフィール宇都宮プライベートガーデン,栃木県,栃木県全域,3,3,4,10,4,1
2373,ルミエランジェ・ガーデン,兵庫県,神戸・淡路島・阪神間,4,6,5,12,2,5
2375,岩見沢平安閣,北海道,札幌市・札幌近郊,4,3,4,11,4,3
2397,ザ・ジョージアンテラス岐阜,岐阜県,岐阜県全域,5,5,3,8,6,3
2399,珊瑚の教会,沖縄県,中北部,5,3,5,4,0,2
2401,ラポール千寿閣,神奈川県,箱根・小田原・海老名・厚木・相模原・その他,4,1,2,6,4,5
2418,リーガロイヤルホテル小倉,福岡県,北九州市・周辺（小倉ほか）,2,2,2,11,4,6
2419,モーリアクラシック久留米迎賓館,福岡県,久留米・筑後・鳥栖,4,2,4,7,5,5
2420,ラ セーヌ マリアージュ 四日市,三重県,三重県全域,4,2,3,10,6,5
2421,平安神宮会館,京都府,京都市・周辺,3,2,3,9,1,3
2422,ローズホテル横浜／山手ヘレン記念教会,神奈川県,みなとみらい・桜木町・山手・山下町・関内,3,3,6,7,3,2
2426,京王プラザホテル札幌,北海道,札幌市・札幌近郊,5,3,4,13,5,6
2427,ジャスマックプラザホテル,北海道,札幌市・札幌近郊,3,4,4,11,3,3
2431,コッツウォルズ（Bridal On Water COTSWOLDS）,岐阜県,岐阜県全域,5,6,4,9,6,6
2432,MOITIE MOITIE（モアチェモアチェ）,愛知県,名古屋市・周辺,4,2,4,7,0,1
2434,ベルクラシックリアン平安閣,北海道,胆振・日高・千歳・道央,6,5,4,13,5,4
2449,リストランテASO,東京都,白金・恵比寿・代官山・広尾,7,5,6,8,4,8
2455,ル グラン ジュール,愛知県,西三河,7,4,4,5,2,3
2459,ホテルアソシア豊橋,愛知県,東三河・蒲郡,3,3,2,10,4,5
2460,アニヴェルセル神戸,兵庫県,神戸・淡路島・阪神間,3,3,1,6,5,6
2462,マンダリン オリエンタル東京,東京都,東京駅・皇居周辺,1,1,3,20,4,15
2463,東京會舘,東京都,東京駅・皇居周辺,2,1,3,20,4,12
2464,WITH THE STYLE FUKUOKA,福岡県,福岡市・周辺（博多・天神ほか）,3,5,1,13,0,5
2465,赤坂プリンス クラシックハウス,東京都,赤坂・六本木・麻布,5,4,3,15,5,10
2466,ホテル日航福岡,福岡県,福岡市・周辺（博多・天神ほか）,3,2,4,12,4,5
2468,アピオ　グランドステージ,山梨県,山梨県全域,4,2,5,10,5,6
2470,THE LUIGANS Spa＆Resort,福岡県,福岡市・周辺（博多・天神ほか）,2,4,2,9,0,6
2472,ホテルメトロポリタン長野,長野県,長野県全域,3,3,4,10,3,5
2476,札幌パークホテル,北海道,札幌市・札幌近郊,5,3,4,10,5,6
2502,浅草神社,東京都,上野・浅草・墨田・江東・江戸川などスカイツリー（R）周辺エリア,3,1,4,11,1,1
2504,中之島リバーワンダーランド,大阪府,大阪市北部・北摂・京阪,5,5,4,10,3,2
2514,アールベルアンジェ堺,大阪府,堺・南大阪,3,1,4,8,3,5
2515,アートグレース・ウエディングコースト（大阪）,大阪府,大阪市南部・東大阪,6,6,5,10,5,7
2516,ストリングス ウエディングヒルズ,愛知県,名古屋市・周辺,7,3,2,8,5,4
2517,アートグレイス ネクスト アシヤ,兵庫県,神戸・淡路島・阪神間,5,6,5,11,4,7
2518,星ヶ丘・アートグレイス迎賓館,愛知県,名古屋市・周辺,6,3,2,8,5,4
2519,セントグレース大聖堂　the Garden,愛知県,名古屋市・周辺,6,3,3,9,6,6
2520,ベルクラシック空港,大阪府,大阪市北部・北摂・京阪,2,4,4,12,6,5
2521,RiN SQUARE,北海道,札幌市・札幌近郊,2,4,5,9,2,1
2523,セントグレース ヴィラ,千葉県,千葉・舞浜・浦安・幕張,7,7,4,13,8,10
2524,伊勢山ヒルズ,神奈川県,みなとみらい・桜木町・山手・山下町・関内,8,6,3,15,10,11
2525,Sakuranoki Wedding（さくらの樹　ウエディング）,福岡県,福岡市・周辺（博多・天神ほか）,6,8,2,5,0,0
2528,ORIENTAL KYOTO SUZAKU-TEI 朱雀邸,京都府,京都市・周辺,3,3,4,11,6,5
2530,アンシェルデマリアージュ,大阪府,大阪市北部・北摂・京阪,5,3,5,8,6,5
2531,迎賓館シェーナ～PARTIR KYOTO～,京都府,京都市・周辺,4,6,4,11,6,7
2532,マリアージュグランデ,京都府,京都市・周辺,0,2,3,11,2,3
2533,二条城チャペル セント・アベニール,京都府,京都市・周辺,4,4,3,12,5,2
2534,マリアージュ彦根,滋賀県,滋賀県全域,0,0,1,1,3,3
2535,BARN&FOREST 148,千葉県,柏・成田・房総・その他,5,10,2,7,4,4
2546,駒ヶ根高原リゾートリンクス,長野県,長野県全域,6,6,5,9,3,4
2551,フォレスタヒルズ,愛知県,西三河,4,3,2,9,4,7
2552,ラヴィマーナ神戸,兵庫県,神戸・淡路島・阪神間,5,4,4,11,5,6
2554,ベルクラシック大阪,大阪府,大阪市南部・東大阪,3,3,4,11,6,6
2556,青山エリュシオンハウス,東京都,青山・表参道・渋谷・原宿,7,5,4,9,4,2
2560,EXEX SUITES,岐阜県,岐阜県全域,4,5,4,11,4,6
2561,EXEX GARDEN,岐阜県,岐阜県全域,5,3,4,11,2,5
2562,EXEX SQUARE,岐阜県,岐阜県全域,4,6,4,10,6,7
2567,ザ・ロイヤルクラシック福岡,福岡県,福岡市・周辺（博多・天神ほか）,2,3,2,8,5,7
2572,イルムの丘　セント・マーガレット教会,北海道,旭川・富良野・道北,6,1,3,6,4,1
2593,神戸北野ホテル,兵庫県,神戸・淡路島・阪神間,2,4,3,6,3,4
2594,ホテル日航大阪,大阪府,大阪市南部・東大阪,4,2,3,11,4,5
2595,THE GARDEN PLACE SOSHUEN（蘇州園）,兵庫県,神戸・淡路島・阪神間,5,4,4,10,3,6
2597,ラグナヴェールSENDAI,宮城県,仙台市及び周辺・仙南,3,3,4,10,3,4
2600,ホテルモントレ仙台,宮城県,仙台市及び周辺・仙南,2,3,4,13,3,6
2601,フォーシーズンズホテル丸の内東京,東京都,東京駅・皇居周辺,3,4,4,14,2,2
2606,大阪ガーデンパレス,大阪府,大阪市北部・北摂・京阪,4,2,4,10,5,6
2607,住吉大社吉祥殿,大阪府,大阪市南部・東大阪,3,2,2,11,1,4
2608,THE SUITE CLASSICA SENDAI（ザ スイート クラシカ仙台）,宮城県,仙台市及び周辺・仙南,3,4,4,13,2,5
2613,ザ・ジョージアンハウス1997,群馬県,群馬県全域,2,4,3,10,6,9
2614,シャロンゴスペルチャーチ前橋,群馬県,群馬県全域,3,2,5,5,3,4
2615,マリエール太田,群馬県,群馬県全域,4,3,4,10,6,7
2617,ホテルロイヤルクラシック大阪,大阪府,大阪市南部・東大阪,5,4,3,11,6,8
2622,ベルクラシック福岡大濠,福岡県,福岡市・周辺（博多・天神ほか）,3,3,3,10,5,3
2623,THE SORAKUEN（相楽園）,兵庫県,神戸・淡路島・阪神間,5,5,5,12,2,5
2624,ラ・フォンテーヌ,群馬県,群馬県全域,5,7,5,10,2,4
2625,アルカーサル迎賓館,群馬県,群馬県全域,3,4,5,11,4,5
2628,水戸京成ホテル,茨城県,茨城県全域,6,2,6,9,2,4
2641,ラヴィス・ヴィラ・スイート,埼玉県,川越・所沢・東部・県北・その他,7,7,6,12,7,5
2642,チャペル・ド・コフレ,大阪府,大阪市北部・北摂・京阪,5,4,4,13,3,4
2644,izumoden掛川,静岡県,西部(浜松・磐田・掛川),3,3,3,11,5,6
2645,クルヴェット名古屋,愛知県,名古屋市・周辺,4,6,3,12,3,5
2647,ブルーレマン名古屋,愛知県,名古屋市・周辺,4,6,3,12,4,4
2648,ヴェルミヨンバーグ名古屋,愛知県,名古屋市・周辺,3,4,3,12,2,5
2649,ブランリール大阪,大阪府,大阪市北部・北摂・京阪,4,5,3,12,3,5
2650,ブルーグレース大阪,大阪府,大阪市北部・北摂・京阪,5,6,1,10,4,5
2651,ルージュ：ブラン,愛知県,尾張・知多・りんくう,5,6,4,10,4,4
2652,オランジュ：ベール,愛知県,名古屋市・周辺,4,6,2,11,2,3
2653,マンダリンポルト,愛知県,尾張・知多・りんくう,5,6,4,9,2,5
2654,ブルー：ブラン,愛知県,西三河,4,5,3,8,4,6
2655,ブラン：ベージュ,愛知県,西三河,4,5,3,10,3,5
2656,アージェントパルム,愛知県,西三河,4,5,3,10,4,5
2657,ルージュアルダン,愛知県,東三河・蒲郡,6,6,4,8,4,4
2658,ヴェールノアール,岐阜県,岐阜県全域,5,6,3,12,5,4
2659,ミエルココン,三重県,三重県全域,6,5,3,6,3,5
2660,ミエルシトロン,三重県,三重県全域,6,5,3,7,3,4
2661,ミエルクローチェ,三重県,三重県全域,5,5,3,6,3,5
2662,アーブルオランジュ,静岡県,西部(浜松・磐田・掛川),5,5,2,10,2,5
2663,マンダリンアリュール,静岡県,西部(浜松・磐田・掛川),4,5,2,11,3,6
2664,ラピスアジュール,静岡県,中部(静岡・藤枝・焼津),5,6,4,5,2,5
2665,ラピスコライユ,静岡県,中部(静岡・藤枝・焼津),5,6,4,5,4,6
2672,チャペル・ド・コフレ札幌,北海道,札幌市・札幌近郊,5,3,4,11,3,4
2673,桜苑(Ouen)　●太閤園グループ,大阪府,大阪市北部・北摂・京阪,5,3,4,11,4,4
2674,LAGUNAVEIL ATELIER（ラグナヴェール アトリエ）,東京都,青山・表参道・渋谷・原宿,7,7,3,12,4,4
2675,RISTORANTE Orobianco,大阪府,大阪市北部・北摂・京阪,3,4,6,6,1,1
2676,奈良ホテル,奈良県,奈良県全域,3,1,3,9,5,6
2677,ラトリエ・ドゥ・マリエ,静岡県,西部(浜松・磐田・掛川),2,5,6,11,6,6
2678,KURETAKESO,静岡県,西部(浜松・磐田・掛川),4,5,5,8,4,5
2692,ロイヤルチェスター前橋,群馬県,群馬県全域,2,3,5,10,5,6
2693,ＱＵＡＮＴＩＣ（クアンティック）,福岡県,福岡市・周辺（博多・天神ほか）,5,6,3,5,3,1
2695,GARDEN　WEDDING　ARCADIA　KOKURA（ガーデンウェディング・アルカディア小倉）,福岡県,北九州市・周辺（小倉ほか）,3,7,2,4,2,3
2697,ホテルグランビュー高崎,群馬県,群馬県全域,3,3,4,10,1,4
2698,リア・フィーユ,宮城県,仙台市及び周辺・仙南,4,4,7,10,2,2
2699,ザ オーク ガーデン (THE OAK GARDEN),京都府,京都市・周辺,4,6,2,11,3,4
2700,アルバート邸,群馬県,群馬県全域,2,4,4,10,4,4
2702,アーフェリーク迎賓館(大阪),大阪府,大阪市北部・北摂・京阪,3,6,3,10,5,3
2703,アクアガーデンテラス(大阪),大阪府,大阪市北部・北摂・京阪,4,6,3,10,5,5
2704,ファウンテンヒルズ仙台,宮城県,仙台市及び周辺・仙南,3,5,4,10,5,6
2706,ソラノワ（Suite Anniversary SORANOWA）,宮城県,仙台市及び周辺・仙南,5,3,4,14,4,5
2707,アトリエ（ATELIER the wedding gallery）  ,宮城県,仙台市及び周辺・仙南,3,3,5,13,3,4
2708,THE ESTREAL（エストリアル）,静岡県,西部(浜松・磐田・掛川),3,4,4,8,2,4
2714,アクアテラス リヴァージュブラン,大阪府,堺・南大阪,6,5,4,10,3,3
2716,アビー・ラ・トゥール教会(ウエディングセントラルパーク),静岡県,西部(浜松・磐田・掛川),2,6,5,11,7,7
2717,musee yotsuike(ミュゼ四ツ池),静岡県,西部(浜松・磐田・掛川),4,5,4,5,3,5
2718,THE PLACE KOBE（ザ　プレイス　コウベ）,兵庫県,神戸・淡路島・阪神間,3,3,5,7,1,2
2728,ストーンフォレスト,茨城県,茨城県全域,3,4,3,10,4,3
2729,セントルミエール,茨城県,茨城県全域,2,1,3,5,3,4
2730,アニヴェルセル長野,長野県,長野県全域,2,2,1,6,3,5
2731,XEX WEST,大阪府,大阪市北部・北摂・京阪,6,4,6,10,3,4
2734,百花籠,愛知県,名古屋市・周辺,3,4,3,12,3,6
2735,mitte,大阪府,大阪市北部・北摂・京阪,2,3,2,11,5,4
2738,華王殿,三重県,三重県全域,4,4,4,9,5,3
2739,ホテルアンビア松風閣,静岡県,中部(静岡・藤枝・焼津),4,1,2,8,3,4
2740,定禅寺ガーデンヒルズ迎賓館,宮城県,仙台市及び周辺・仙南,5,5,3,11,5,3
2741,THE GRIGHT（ザ・グライト）,宮城県,仙台市及び周辺・仙南,4,3,4,7,2,4
2742,ピエトラ・セレーナ,北海道,札幌市・札幌近郊,3,4,2,8,5,3
2743,日本平ホテル,静岡県,中部(静岡・藤枝・焼津),2,2,1,12,1,7
2744,ウェスティンホテル仙台,宮城県,仙台市及び周辺・仙南,4,2,4,10,3,5
2745,HOTEL GREGES（オテルグレージュ）,福岡県,福岡市・周辺（博多・天神ほか）,4,3,5,11,3,6
2751,名古屋東急ホテル,愛知県,名古屋市・周辺,2,3,2,13,4,7
2752,ホテルメトロポリタン仙台,宮城県,仙台市及び周辺・仙南,3,4,4,12,2,7
2753,W GRAND LACERE（ダブリュー グランラセーレ）,福岡県,福岡市・周辺（博多・天神ほか）,5,7,4,8,1,3
2754,キャッスルガーデンOSAKA,大阪府,大阪市北部・北摂・京阪,6,6,4,11,5,5
2756,マリエール山手,愛知県,名古屋市・周辺,3,0,1,8,5,5
2757,アンジェローブ,愛知県,名古屋市・周辺,6,6,3,12,3,4
2758,マリエール ガーデン バーベナ,愛知県,尾張・知多・りんくう,2,1,0,4,1,3
2759,マリエール岡崎,愛知県,西三河,3,3,1,9,7,7
2760,プルーナ　マリエール,愛知県,西三河,3,2,1,9,3,5
2761,マリエール豊橋,愛知県,東三河・蒲郡,3,4,0,6,7,6
2762,アルコラッジョ　マリエール,静岡県,西部(浜松・磐田・掛川),3,2,3,10,5,3
2763,KONAYA HOTEL,山梨県,山梨県全域,4,4,5,8,3,5
2764,THE VILLA HAMANAKO（ザ ヴィラ ハマナコ）,静岡県,西部(浜松・磐田・掛川),2,0,1,9,1,7
2767,白金 アートグレイスクラブ ,東京都,白金・恵比寿・代官山・広尾,2,2,2,5,5,4
2768,心斎橋セントグレース ヴィラ,大阪府,大阪市南部・東大阪,5,5,4,13,6,7
2769,アートグレイス ウエディングヒルズ,京都府,京都市・周辺,3,4,5,13,6,8
2779,ゲストハウスリッチモンド,静岡県,中部(静岡・藤枝・焼津),6,6,4,5,5,6
2780,アプローズスクエア東京,東京都,新宿・中野・杉並,3,5,5,12,4,6
2783,ウエディングレストラン　ジュレ,群馬県,群馬県全域,5,4,2,10,2,3
2785,グローバルウエディング　ディアーデ,群馬県,群馬県全域,3,2,2,9,4,5
2786,ザ・ジョージアンテラス,大阪府,堺・南大阪,5,5,4,10,4,4
2788,横浜 アートグレイス ポートサイドヴィラ,神奈川県,横浜・新横浜・川崎,6,2,4,12,9,8
2790,紺碧ザ・ヴィラオールスイート,沖縄県,宮古島・石垣島・その他エリア,4,3,4,2,0,5
2791,アートグレイス ウエディングコースト(千葉）,千葉県,千葉・舞浜・浦安・幕張,6,6,4,14,6,7
2792,大宮璃宮,埼玉県,大宮・さいたま・浦和・川口周辺,6,5,3,13,9,10
2796,仙台ゆりが丘 MARIAGE UNE VILLE,宮城県,仙台市及び周辺・仙南,4,6,5,10,5,6
2799,ザ・グランドティアラ一宮,愛知県,尾張・知多・りんくう,3,3,2,9,5,6
2800,京都祝言 SHU:GEN,京都府,京都市・周辺,4,0,2,0,6,8
2803,マリエルコートインターパーク,栃木県,栃木県全域,4,4,4,9,6,5
2804,プリマディーバ,栃木県,栃木県全域,3,5,6,9,5,3
2805,フェリヴェールサンシャイン,茨城県,茨城県全域,4,5,5,13,5,4
2807,ティアラガーデンズ伊勢崎,群馬県,群馬県全域,6,7,4,12,6,7
2808,アモーレヴォレ　サンマルコ,福岡県,北九州市・周辺（小倉ほか）,3,3,2,12,5,5
2809,ノートルダム北九州,福岡県,北九州市・周辺（小倉ほか）,3,3,2,8,5,6
2810,青山 セントグレース大聖堂byストリングス,東京都,青山・表参道・渋谷・原宿,4,4,2,12,12,10
2811,ホテル インターコンチネンタル 東京ベイ,東京都,お台場・豊洲・竹芝・晴海周辺の東京ベイエリア,3,4,2,13,2,4
2812,アートクレフクラブ,福岡県,北九州市・周辺（小倉ほか）,5,7,2,7,3,4
2813,ヴィラ・デ・マリアージュ太田,群馬県,群馬県全域,3,6,5,10,6,4
2814,ヴィラ・デ・マリアージュ高崎,群馬県,群馬県全域,7,5,5,11,6,6
2815,セント・ヴィラ・デ・マリアージュ伊勢崎,群馬県,群馬県全域,5,6,5,9,3,2
2816,セント・ヴィラ・デ・マリアージュ桐生,群馬県,群馬県全域,5,4,5,9,4,4
2817,ルーデンス伊勢崎ウエディングヴィラ,群馬県,群馬県全域,3,1,0,3,2,3
2844,ホテルガーデンパレス,埼玉県,川越・所沢・東部・県北・その他,3,4,6,12,2,4
2847,UNICO西梅田,大阪府,大阪市北部・北摂・京阪,3,2,5,4,1,2
2848,アコルドゥ 奈良公園,奈良県,奈良県全域,4,3,3,8,3,1
2853,LITTLEMARY CHURCH ウォーターフロント堂島,大阪府,大阪市北部・北摂・京阪,6,3,6,10,2,2
2855,パレスへいあん,宮城県,仙台市及び周辺・仙南,5,3,5,11,5,6
2856,ホテルニューオータニ博多,福岡県,福岡市・周辺（博多・天神ほか）,3,2,4,11,2,5
2858,ザ・キャピトルホテル 東急,東京都,赤坂・六本木・麻布,4,4,8,18,2,6
2864,ホテルセンチュリー静岡,静岡県,中部(静岡・藤枝・焼津),3,2,1,12,6,8
2868,MANE,神奈川県,みなとみらい・桜木町・山手・山下町・関内,6,3,4,11,3,4
2877,ホテル・アゴーラリージェンシー堺,大阪府,堺・南大阪,4,3,4,12,3,5
2878,ル・クロ・ド・マリアージュ,大阪府,大阪市北部・北摂・京阪,4,3,4,9,2,4
2879,赤坂氷川神社,東京都,赤坂・六本木・麻布,2,1,5,8,0,2
2881,ANAクラウンプラザホテル福岡,福岡県,福岡市・周辺（博多・天神ほか）,2,1,5,10,3,4
2884,ホテルメルパルク長野,長野県,長野県全域,3,3,4,11,2,5
2885,ホテルメルパルクSENDAI,宮城県,仙台市及び周辺・仙南,1,3,5,9,4,5
2886,アールベルアンジェ奈良,奈良県,奈良県全域,3,5,3,11,5,5
2887,石巻グランドホテル,宮城県,松島塩釜・県北・沿岸,4,3,5,9,4,3
2888,アンジュガーデン迎賓館,宮城県,松島塩釜・県北・沿岸,5,4,4,9,5,5
2889,ホテル ボストンプラザ草津,滋賀県,滋賀県全域,2,3,4,11,3,5
2890,HOTEL SETRE （ホテルセトレ）,兵庫県,神戸・淡路島・阪神間,7,4,4,8,4,4
2891,ララシャンス KOBE,兵庫県,神戸・淡路島・阪神間,7,4,4,10,5,7
2892,ANAクラウンプラザホテル神戸,兵庫県,神戸・淡路島・阪神間,2,3,4,10,4,5
2893,アルモニーソルーナ表参道,東京都,青山・表参道・渋谷・原宿,6,3,4,8,3,4
2894,アルモニーヴィラ　オージャルダン,愛知県,尾張・知多・りんくう,5,5,4,9,3,6
2897,アルモニーアンブラッセ イットハウス,大阪府,大阪市南部・東大阪,4,6,5,11,3,4
2899,ホテルアソシア静岡,静岡県,中部(静岡・藤枝・焼津),3,2,1,12,5,8
2900,ラ・フェット ひらまつ,大阪府,大阪市北部・北摂・京阪,3,2,5,8,3,4
2901,ホワイトイン高崎,群馬県,群馬県全域,2,2,5,9,1,5
2902,高崎神社,群馬県,群馬県全域,2,2,5,9,1,5
2903,HARMONIE EMBRASSEE WEDDING HOTEL　アルモニーアンブラッセウエディングホテル,大阪府,大阪市北部・北摂・京阪,4,3,3,10,4,5
2904,ゆとりろ軽井沢ホテル,長野県,長野県全域,6,5,4,8,6,6
2906,ラ・ベットラ・ダ・オチアイ ナゴヤ,愛知県,名古屋市・周辺,4,3,2,5,1,2
2907,レストランアラスカ　フェスティバルタワー,大阪府,大阪市北部・北摂・京阪,2,2,5,6,0,1
2909,ザ　グランダブリュー水戸,茨城県,茨城県全域,4,5,5,11,4,4
2913,三渓園,神奈川県,みなとみらい・桜木町・山手・山下町・関内,4,4,4,11,1,7
2915,ホテルグランドヒル市ヶ谷,東京都,新宿・中野・杉並,4,1,5,10,5,6
2916,ガーデンテラス福岡,福岡県,福岡市・周辺（博多・天神ほか）,5,5,2,5,2,0
2917,ロイヤルチェスター福岡,福岡県,福岡市・周辺（博多・天神ほか）,2,2,3,8,6,4
2918,ベルヴィ リリアル,静岡県,西部(浜松・磐田・掛川),4,3,3,5,4,4
2919,Patrick Kiso Garden東京・町田,東京都,立川・八王子・町田・23区以外,3,6,4,10,5,7
2955,クルーズ・クルーズYOKOHAMA,神奈川県,横浜・新横浜・川崎,4,3,6,10,2,5
2979,サンシャイン　クルーズ・クルーズ,東京都,池袋・練馬・文京・板橋,4,6,5,11,1,4
2981,ストリングスホテル名古屋,愛知県,名古屋市・周辺,2,4,2,12,5,7
2982,KYUKARUIZAWA KIKYO Curio Collection by Hilton（旧軽井沢ホテル）,長野県,長野県全域,4,1,4,3,2,3
2984,Brides Scene エスティーズ,岐阜県,岐阜県全域,4,6,3,8,6,6
2985,ホテルマリターレ創世　久留米,福岡県,久留米・筑後・鳥栖,4,4,3,7,4,5
2992,IWAI OMOTESANDO,東京都,青山・表参道・渋谷・原宿,4,8,6,8,2,3
2995,ホテルアークリッシュ豊橋,愛知県,東三河・蒲郡,5,5,4,11,5,7
2996,Art Bell Ange Mie,三重県,三重県全域,3,4,2,6,4,6
2997,"L,ARRIVO（エル・アリーヴォ）",岐阜県,岐阜県全域,5,5,0,3,1,7
2999,ANAクラウンプラザホテル札幌,北海道,札幌市・札幌近郊,2,3,4,11,2,6
3002,センティール・ラ・セゾン岐阜,岐阜県,岐阜県全域,3,5,3,10,4,6
3005,OCEAN TERRACE,三重県,三重県全域,3,1,2,7,5,6
3007,セントグラビス,茨城県,茨城県全域,2,2,3,8,3,4
3008,ヴォヤージュ ドゥ ルミエール 北谷リゾート,沖縄県,中北部,3,4,4,8,2,2
3016,けやき坂 彩桜邸 シーズンズテラス,宮城県,仙台市及び周辺・仙南,3,4,5,11,4,5
3017,ホテルグランドパレス,東京都,東京駅・皇居周辺,5,1,3,13,4,5
3019,オルヴィエート,三重県,三重県全域,4,3,4,10,7,4
3024,ホテルグランドティアラ春日井,愛知県,尾張・知多・りんくう,2,3,2,8,5,5
3027,ロイヤルオークホテル スパ＆ガーデンズ,滋賀県,滋賀県全域,5,4,3,11,4,5
3041,L'BRIGHT HOUSE,東京都,品川・目黒・浜松町・世田谷,1,4,6,11,1,2
3042,ベルヴィラヴァンセーヌ,静岡県,中部(静岡・藤枝・焼津),4,3,5,10,4,4
3043,アートグレイスウエディングフォレスト,宮城県,仙台市及び周辺・仙南,2,1,0,3,3,5
3044,ザ・オランジェガーデン五十鈴川,三重県,三重県全域,4,3,5,12,4,4
3045,Accord Herbe（アコールハーブ）,千葉県,千葉・舞浜・浦安・幕張,5,5,4,11,4,5
3047,NAGASE,岐阜県,岐阜県全域,2,4,5,12,0,4
3048,宇都宮東武ホテルグランデ,栃木県,栃木県全域,2,2,5,13,2,4
3056,THE HILLTOP TERRACE NARA（ザ・ヒルトップテラス奈良）,奈良県,奈良県全域,4,4,4,8,3,3
3058,ザ・グランドティアラSenju,三重県,三重県全域,3,3,4,9,5,8
3059,Iris Water Terrace Ayameike(イリスウォーターテラスあやめ池),奈良県,奈良県全域,3,6,4,11,5,5
3060,セント・オルコット・ガーデン,静岡県,中部(静岡・藤枝・焼津),5,7,5,7,7,5
3061,聖グロリアス教会,静岡県,西部(浜松・磐田・掛川),2,4,5,7,6,6
3063,神田明神　明神会館,東京都,東京駅・皇居周辺,0,0,3,13,1,2
3064,LUGALIS,大阪府,大阪市北部・北摂・京阪,1,3,4,8,1,1
3067,円通院,宮城県,松島塩釜・県北・沿岸,3,2,4,7,2,3
3068,SHICHI NO CAFE & PIZZA  SHICHI NO RESORT,宮城県,松島塩釜・県北・沿岸,6,5,5,7,1,2
3069,旧伊達邸 鍾景閣,宮城県,仙台市及び周辺・仙南,3,2,4,7,2,3
3070,ルシアスガーデン,兵庫県,神戸・淡路島・阪神間,4,5,3,10,4,5
3072,センティール・ラ・セゾン 中島公園,北海道,札幌市・札幌近郊,6,6,4,11,2,2
3074,アーカンジェル迎賓館　仙台,宮城県,仙台市及び周辺・仙南,4,6,4,9,4,6
3082,ハカタギ グランヒューリ,福岡県,福岡市・周辺（博多・天神ほか）,5,6,3,10,2,1
3083,上賀茂　玉屋　かも川店,京都府,京都市・周辺,0,1,1,2,0,0
3085,ベル・ジャルダン,茨城県,茨城県全域,3,0,2,0,0,1
3086,ベルヴィ郡山館,福島県,中通り南,3,1,3,7,3,4
3087,ベル・ザ・クラス,茨城県,茨城県全域,4,0,3,2,2,3
3088,フラン ベル アムール,茨城県,茨城県全域,2,0,0,2,2,2
3089,ベル・アージュ,茨城県,茨城県全域,1,1,1,2,2,4
3090,ベル・ティアーズ日立,茨城県,茨城県全域,4,0,1,2,0,1
3091,vivant vert,福島県,中通り南,3,3,6,6,2,3
3092,パラシオ・デ・ビアナ　ベル・カーサ,福島県,中通り北,7,4,4,12,5,6
3093,ベル・クイーンズ須賀川,福島県,中通り南,6,7,4,14,5,5
3094,ラ・スリーズガーデン　ベル・ルクス,福島県,会津・磐梯・猪苗代,5,5,5,11,5,7
3095,ハウス・オブ・ベルヴィ白河,福島県,中通り南,6,6,4,12,5,6
3113,オール・セインツ　ウエディング,福島県,中通り南,3,4,4,10,5,8
3114,セント・ヴェルジェ教会,福島県,中通り北,4,2,2,9,4,3
3116,ザ　フォースアベニュー　ブライマリーコート,福島県,中通り南,3,2,1,5,3,1
3117,アヴァンセ　ド　マリアージュ　ミ・ピアーチェ,福島県,中通り南,0,1,2,3,0,2
3128,GLLARE MARUYAMA（グラーレ マルヤマ）,北海道,札幌市・札幌近郊,6,6,4,7,5,5
3129,長野玉姫殿 ●信州玉姫殿グループ,長野県,長野県,2,6,4,8,7,6
3130,宮の森フランセス教会,北海道,札幌市・札幌近郊,6,5,4,12,6,6
3131,エルム ガーデン,北海道,札幌市・札幌近郊,5,5,3,10,4,4
3132,ATOLL TERRASSE 鴨川（アトールテラスカモガワ）  ●BRASSグループ,京都府,京都市・周辺,2,2,5,7,3,6
3133,ザ・リュクス銀座（THE LUXE GINZA）,東京都,銀座,4,3,5,12,3,4
3135,ホテル軽井沢エレガンス　森のチャペル軽井沢礼拝堂,長野県,長野県,3,3,4,12,3,4
